voltage kurtosis,voltage skewness,CC Q,CC charge time,voltage slope,voltage entropy,current kurtosis,current skewness,CV Q,CV charge time,current slope,current entropy
-1.2319068,0.0360152,0.33658335,303.005,0.0006589502,5.4791584,-0.5037388,0.77340883,0.07541667,1182.4501,-0.0007899565,6.687918
-1.2180455,0.06032307,0.32391667,291.51,0.00069759286,5.43635,-0.4883123,0.77933836,0.068833336,1080.39,-0.00087815215,6.5970654
-1.2211773,0.038941186,0.32941666,296.46,0.0006747286,5.458734,-0.51889855,0.7644985,0.0615,958.47,-0.0009682733,6.4812627
-1.210595,0.033804104,0.32616666,293.785,0.0006788801,5.452347,-0.54272306,0.75433457,0.052083332,810.61,-0.0011266941,6.313198
-1.2266754,0.00505098,0.34225,308.075,0.0006348202,5.522003,-0.5152569,0.76965976,0.06341667,989.095,-0.0009311662,6.5306616
-1.2239002,0.04744966,0.33183333,298.56,0.0006744432,5.463298,-0.5021747,0.7721764,0.06841667,1071.91,-0.0008758041,6.5915375
-1.2206613,0.05077947,0.32783332,295.17,0.00068401743,5.4531426,-0.49821568,0.7739169,0.06725,1052.58,-0.00089398574,6.574867
-1.2277035,0.012698066,0.34016666,305.93,0.00064255274,5.514254,-0.5091038,0.7708081,0.06275,982.33,-0.0009474733,6.5252953
-1.2040802,0.03135729,0.3175,285.78,0.0006966548,5.4261703,-0.5252694,0.76092255,0.05875,913.7,-0.0010144392,6.432983
-1.2224232,0.05689316,0.32741666,294.935,0.0006866913,5.4493794,-0.45953387,0.7940547,0.072,1131.365,-0.0008514459,6.641148
-1.2211709,0.04691513,0.32958335,296.55,0.0006791936,5.4683657,-0.50528,0.76980686,0.06616667,1031.61,-0.00090845826,6.5663176
-1.2236882,0.052158616,0.33116665,298.09,0.00067644723,5.460969,-0.47065288,0.78847986,0.07158333,1125.145,-0.00085141335,6.636399
-1.201251,0.035170007,0.31466666,283.2,0.0007046205,5.417039,-0.5305161,0.7582873,0.058083333,904.755,-0.0010192896,6.4235888
-1.2324904,0.03400647,0.33625,302.605,0.00065897766,5.477667,-0.5084083,0.77103525,0.075666666,1184.86,-0.0007855783,6.690392
-1.2023233,0.038054455,0.31225,281.005,0.00071331766,5.405796,-0.49905285,0.7734364,0.06675,1044.615,-0.0009002436,6.5650716
-1.208177,0.039675687,0.32266667,290.43,0.00068872026,5.4405103,-0.5498162,0.7502251,0.05125,796.44,-0.0011402395,6.2971587
-1.2172178,0.05418592,0.32466668,292.26,0.00069360505,5.4491034,-0.5038385,0.7706013,0.06508333,1019.855,-0.0009210624,6.5511417
-1.2010663,0.0363955,0.31141666,280.23,0.00071397645,5.414535,-0.5049049,0.77044827,0.064,1000.665,-0.0009395979,6.532024
-1.2132362,0.031008296,0.32608333,293.665,0.00067753316,5.452066,-0.5440996,0.75346357,0.052166667,810.495,-0.0011241402,6.313883
-1.220425,0.015634196,0.33516666,301.74,0.0006541876,5.4916887,-0.5257896,0.76362145,0.061166666,952.48,-0.0009639032,6.4853473
-1.2021319,0.032852642,0.3135,282.175,0.0007068692,5.4342046,-0.51026744,0.7681458,0.0625,974.675,-0.00095895,6.518693
-1.2189612,0.04617571,0.32483333,292.395,0.0006880916,5.464585,-0.5090585,0.7692047,0.062333334,975.545,-0.00095891656,6.520459
-1.2082014,0.043218456,0.31808335,286.32,0.0007010248,5.431874,-0.5190928,0.76368064,0.060416665,942.695,-0.0009858769,6.4715486
-1.208701,0.048417818,0.31825,286.325,0.0007040696,5.4331985,-0.50102633,0.7723508,0.06458333,1013.005,-0.00092789665,6.5444174
-1.22051,0.039357584,0.3285,295.77,0.00067643815,5.455747,-0.5202578,0.7638295,0.060833335,948.95,-0.0009764938,6.4716578
-1.2129618,0.025058588,0.33141667,298.37,0.0006641811,5.469856,-0.5379146,0.7581367,0.052583333,818.835,-0.0011151711,6.323711
-1.2093558,0.049974803,0.31783333,286.1,0.00070590264,5.4212537,-0.49778882,0.7742383,0.06733333,1053.465,-0.0008930908,6.5736275
-1.2271606,0.0028284756,0.34333333,309.065,0.00063166645,5.5255966,-0.5144701,0.77018166,0.06341667,988.66,-0.00093115476,6.530156
-1.2105117,0.041505087,0.32041666,288.27,0.0006960836,5.4530153,-0.51338893,0.766235,0.061833333,967.98,-0.00096326147,6.5127587
-1.2106483,0.035949234,0.32325,290.83,0.00068660115,5.4415374,-0.547074,0.7511491,0.053416666,826.31,-0.0011018403,6.3335395
-1.2079191,0.03953616,0.32091665,288.96,0.00069220277,5.4353614,-0.55723363,0.74570733,0.05025,782.775,-0.0011550109,6.280897
-1.2273566,0.029684605,0.33508334,301.57,0.00065939315,5.497592,-0.5116978,0.76820904,0.064,1000.655,-0.00093214994,6.545494
-1.2214234,0.048126552,0.32908332,296.08,0.0006812351,5.4703293,-0.49806377,0.77398473,0.066,1032.39,-0.0009098352,6.5690827
-1.2181602,0.027977532,0.33066666,297.585,0.0006679362,5.482976,-0.51425266,0.76846844,0.061333332,959.36,-0.00096849067,6.4994125
-1.2304524,0.012046636,0.339,305.095,0.00064472435,5.4886484,-0.55795425,0.7522044,0.076916665,1198.275,-0.0007506263,6.6989346
-1.2023792,0.035711985,0.31266665,281.37,0.0007122516,5.408077,-0.4980465,0.77390456,0.066083334,1033.73,-0.0009121513,6.5538793
-1.2011238,0.045229167,0.31991667,287.89,0.0006975859,5.432263,-0.56219596,0.7430649,0.04916667,764.395,-0.0011800489,6.256497
-1.2006608,0.04026722,0.30791667,277.19,0.00072393205,5.392183,-0.495808,0.7753899,0.065916665,1033.725,-0.00091194187,6.553278
-1.2244081,0.049412064,0.33258334,299.15,0.0006731418,5.4646177,-0.50383395,0.7709565,0.06908333,1081.015,-0.0008657841,6.600866
-1.2282897,0.010869113,0.34058332,306.45,0.00064071617,5.516661,-0.5079051,0.7716631,0.06283333,984.2,-0.00094593875,6.526904
-1.2159606,0.036314018,0.32558334,292.965,0.00068322435,5.4687,-0.5179905,0.76496106,0.059916668,933.68,-0.0009939683,6.475049
-1.225908,0.045431476,0.33383334,300.315,0.0006686829,5.4691825,-0.5040845,0.7708611,0.069,1080.755,-0.00086513197,6.600563
-1.2177795,0.03049993,0.31116667,280.0,0.0007150876,5.398985,-0.4345207,0.809577,0.07575,1198.38,-0.0008147389,6.6918073
-1.2192843,0.05771805,0.326,293.27,0.00069151213,5.444101,-0.49993476,0.77293944,0.06825,1067.145,-0.00087975466,6.5875354
-1.217015,0.054307997,0.32525,292.765,0.000692558,5.4510665,-0.5030371,0.7709551,0.06525,1022.53503,-0.0009190797,6.55381
-1.2026424,0.037109494,0.32925,296.34,0.0006740226,5.463528,-0.5538093,0.75056213,0.050833333,789.795,-0.001149998,6.2863355
-1.2258849,0.0037901183,0.34341666,309.115,0.00063221005,5.525395,-0.51907456,0.7684755,0.06383333,994.8,-0.00092230557,6.5364065
-1.2021861,0.03762847,0.31183332,280.565,0.000714082,5.404236,-0.5004906,0.7726369,0.06733333,1052.255,-0.0008935854,6.5726023
-1.2163156,0.023325196,0.33033332,297.45,0.0006652996,5.4655223,-0.53612214,0.7581634,0.053166665,827.5,-0.0011053095,6.3336873
-1.2019832,0.035150897,0.31366667,282.235,0.0007072106,5.4341097,-0.5178949,0.76368785,0.060666665,948.375,-0.000980383,6.493585
-1.2323222,0.034274083,0.33583334,302.225,0.0006600349,5.4762316,-0.5093798,0.77085507,0.07575,1186.255,-0.0007842636,6.691326
-1.2105409,0.049074207,0.299,269.075,0.0007504392,5.3592567,-0.3975527,0.8256379,0.07416667,1178.44,-0.00084597187,6.6743455
-1.2113698,0.044626642,0.3015,271.4,0.000742696,5.367922,-0.40861046,0.8206693,0.074,1174.0599,-0.00084224576,6.6715107
-1.2093753,0.050739657,0.31566668,284.165,0.0007115142,5.4136066,-0.4895867,0.7788777,0.06741667,1059.665,-0.00089418725,6.5773687
-1.214018,0.0075508063,0.34383333,309.56,0.0006330194,5.509852,-0.54065496,0.7613923,0.055666666,863.84503,-0.0010409222,6.376023
-1.214328,0.029582651,0.32641667,293.745,0.0006761543,5.4559464,-0.5446861,0.75280374,0.052583333,816.1,-0.0011152283,6.3239026
-1.2261158,0.032405052,0.33383334,300.445,0.00066292903,5.4941006,-0.513751,0.76687485,0.063666664,996.65,-0.0009341316,6.541983
-1.2015526,0.039236464,0.32908332,296.16,0.0006755624,5.4627676,-0.55464363,0.749871,0.0505,785.165,-0.0011568285,6.2809925
-1.2054824,0.035188258,0.31733334,285.465,0.0006994715,5.4449706,-0.5156649,0.76504964,0.061416667,960.665,-0.0009692614,6.505384
-1.2153789,0.028574023,0.326,293.41,0.0006772885,5.4506874,-0.539717,0.7549971,0.05466667,846.07,-0.0010801887,6.356571
-1.201396,0.044207226,0.31883332,286.86,0.00069956074,5.430446,-0.5595462,0.74456793,0.05075,787.355,-0.0011486608,6.2885466
-1.2126894,0.03052102,0.32691666,294.46,0.0006756582,5.4548182,-0.5391672,0.75621694,0.052500002,816.635,-0.0011200437,6.3202705
-1.2028441,0.037100125,0.32616666,293.635,0.000680451,5.45278,-0.5516911,0.7498604,0.05125,795.15497,-0.001144236,6.293984
-1.2178059,0.016836222,0.33475,301.305,0.0006541847,5.4792347,-0.5303214,0.76163346,0.053833332,836.195,-0.0010974451,6.3432717
-1.2237713,0.0007448574,0.34016666,306.14,0.00063713884,5.4957685,-0.524722,0.7652547,0.060333334,942.455,-0.0009732435,6.4616537
-1.2026163,0.031580534,0.31708333,285.375,0.00069826096,5.425247,-0.5268134,0.76019067,0.05825,908.14,-0.0010193083,6.4269667
-1.2257301,0.045117144,0.33375,300.32,0.00066853734,5.4692802,-0.50477755,0.77083606,0.069,1079.94,-0.00086564483,6.5994544
-1.224136,0.02864321,0.33208334,298.87,0.00066425576,5.4680076,-0.5140594,0.76783353,0.06125,956.905,-0.00097168155,6.478596
-1.2047106,0.034430508,0.3265,293.975,0.0006784237,5.454041,-0.54864794,0.75136197,0.051666666,800.805,-0.0011382359,6.3008776
-1.2294174,0.011659251,0.33825,304.41,0.0006460087,5.48659,-0.555819,0.75355005,0.07683333,1197.01,-0.0007520112,6.6980586
-1.2250872,0.044244427,0.33183333,298.575,0.000671804,5.48498,-0.49988937,0.7733186,0.06566667,1027.645,-0.00091321993,6.5714593
-1.2098966,0.036442235,0.321,288.92,0.0006919967,5.435346,-0.5220521,0.7625822,0.059166666,924.265,-0.0010037913,6.444923
-1.2260152,0.042701248,0.33241665,299.095,0.0006702126,5.486156,-0.5004457,0.7729551,0.06575,1027.99,-0.0009133458,6.571794
-1.2084724,0.041670408,0.31858334,286.815,0.00069908146,5.4270487,-0.52636164,0.7604964,0.059166666,921.095,-0.0010040359,6.440534
-1.2110139,0.044147655,0.32075,288.7,0.00069635414,5.4461837,-0.49921674,0.7733004,0.065,1017.64,-0.00092381914,6.5529423
-1.2149519,0.061341394,0.32158333,289.38,0.00070292567,5.4301853,-0.49415115,0.7764905,0.06691667,1052.095,-0.00089769537,6.570837
-1.2195864,0.053625777,0.32925,296.27,0.00068174116,5.455204,-0.48793343,0.7795391,0.06916667,1086.88,-0.00087149127,6.603112
-1.2073236,0.035465214,0.32516667,292.845,0.00068164687,5.4497023,-0.54659104,0.7521824,0.0515,801.555,-0.0011385364,6.3018665
-1.2064238,0.03766923,0.311,279.615,0.0007181854,5.3995047,-0.45278573,0.7972984,0.07175,1129.76,-0.0008589572,6.6383095
-1.2011622,0.04184053,0.32383335,291.67,0.000687685,5.4456887,-0.5533509,0.7490752,0.050833333,786.8,-0.0011550734,6.2834954
-1.2246715,0.010529489,0.34041667,306.385,0.0006408758,5.5156016,-0.5169263,0.76929253,0.06341667,990.13,-0.0009309508,6.5317287
-1.204039,0.03756641,0.31466666,283.13,0.0007087738,5.4134865,-0.4973406,0.77423626,0.066250004,1037.075,-0.0009094772,6.557139
-1.2222539,0.008105443,0.33633333,302.865,0.00064690365,5.4843917,-0.5316805,0.76027894,0.057666667,897.715,-0.0010208971,6.4144764
-1.2080104,0.034778956,0.32633334,293.805,0.0006787444,5.4527435,-0.54288673,0.7541949,0.052,806.27496,-0.0011330566,6.30772
-1.2265685,0.048343018,0.33358333,300.265,0.00067145424,5.4668326,-0.4928794,0.77672035,0.07075,1106.255,-0.00085315463,6.6221933
-1.2040128,0.027195435,0.32116666,288.97,0.00068813993,5.4587145,-0.5231626,0.7623067,0.059166666,918.905,-0.0010091765,6.4589114
-1.2177942,0.013709464,0.3365,302.935,0.0006491479,5.4853296,-0.52791023,0.76316273,0.05375,835.38,-0.0010986435,6.3420763
-1.2162911,0.046224143,0.32358333,291.345,0.0006903108,5.4403243,-0.519943,0.7637798,0.060333334,939.875,-0.0009864635,6.461637
-1.2097908,0.038774963,0.31975,287.86002,0.00069514674,5.430951,-0.5211826,0.7628251,0.059166666,921.785,-0.0010086807,6.4417725
-1.2174115,0.059291005,0.32091665,289.095,0.0007036484,5.4289804,-0.453192,0.7972344,0.071833335,1131.705,-0.0008551629,6.6406302
-1.2319372,0.03519313,0.33483332,301.31,0.0006625002,5.4728928,-0.5047784,0.7735074,0.07575,1187.17,-0.0007855138,6.6913013
-1.2107058,0.03516044,0.32333332,291.185,0.00068478845,5.4433026,-0.5534334,0.7480032,0.051,793.345,-0.0011418657,6.293355
-1.2253261,0.020292023,0.3365,302.695,0.0006528321,5.5023737,-0.5089954,0.77037257,0.06216667,972.355,-0.0009574994,6.515789
-1.2147769,0.008145508,0.34333333,308.925,0.00063446217,5.508262,-0.541434,0.76112354,0.05575,864.445,-0.0010377803,6.377756
-1.2234695,0.007391446,0.33933333,305.45,0.0006425953,5.5098176,-0.5244853,0.7649104,0.062083334,967.41,-0.0009476219,6.5054646
-1.2076285,0.0330341,0.33033332,297.375,0.0006703029,5.4664435,-0.53941315,0.7571828,0.051333334,799.66,-0.001142973,6.299043
-1.2141554,0.04942657,0.32175,289.41,0.0006976564,5.4542675,-0.5046731,0.7710821,0.06333333,989.9,-0.0009473599,6.53357
-1.2307788,0.012831104,0.33891666,304.925,0.000645392,5.4879403,-0.5590694,0.7512831,0.07675,1196.67,-0.00075235637,6.6979775
-1.2022414,0.03497592,0.31525,283.74,0.00070279615,5.4186687,-0.5304684,0.7583127,0.05825,907.02,-0.0010169904,6.42612
-1.2047882,0.024726309,0.324,291.885,0.00067968306,5.467519,-0.5240856,0.7634257,0.059333332,926.015,-0.001000624,6.464454
-1.2215163,0.05271383,0.33075,297.65,0.000677701,5.459707,-0.4818888,0.78262305,0.07016666,1102.91,-0.00086235884,6.61701
-1.2230512,0.0468934,0.33016667,297.265,0.0006774366,5.461195,-0.49813512,0.77382904,0.067833334,1061.59,-0.00088668946,6.5840693
-1.226611,-0.0040296945,0.34641665,311.85,0.00062387006,5.535945,-0.52071327,0.7678311,0.06375,993.755,-0.0009192446,6.5346627
-1.2187953,0.04464645,0.32616666,293.555,0.0006846373,5.448095,-0.51722825,0.7652774,0.061416667,958.185,-0.0009698303,6.4805303
-1.2182181,0.019781714,0.33216667,299.06,0.0006597026,5.47131,-0.5346484,0.7591687,0.053333335,828.64,-0.0011049365,6.3353333
-1.2251481,0.02686568,0.33291668,299.615,0.0006626832,5.487613,-0.5138247,0.7679467,0.061,954.97,-0.0009741483,6.4936495
-1.2143898,0.016809506,0.33908334,305.18,0.0006460045,5.4953856,-0.5353766,0.7628655,0.05475,849.765,-0.001064643,6.3605566
-1.2198547,0.04071877,0.32766667,295.075,0.0006787048,5.4532237,-0.51973104,0.76408935,0.060833335,947.905,-0.0009775179,6.470661
-1.2231387,0.005025931,0.33775,304.06,0.00064289285,5.4886885,-0.53038204,0.7610837,0.058166668,905.395,-0.0010125217,6.4228177
-1.2013901,0.039770592,0.32908332,296.25,0.00067565334,5.4630237,-0.55425936,0.75007474,0.050416667,784.2,-0.0011582994,6.2797394
-1.205744,0.03910112,0.31516665,283.47,0.0007073247,5.41351,-0.5009841,0.772568,0.067999996,1062.225,-0.00088441884,6.581962
-1.2313325,0.037287824,0.33608332,302.535,0.00066054636,5.4776363,-0.49178052,0.7791707,0.07525,1181.88,-0.0007966389,6.6865606
-1.2238247,0.038950644,0.33175,298.295,0.000671489,5.4861383,-0.50487643,0.7713478,0.064333335,1006.785,-0.00092779426,6.55154
-1.2124305,0.054537132,0.32058334,288.635,0.00070244743,5.4377193,-0.50350595,0.7706081,0.064833336,1014.545,-0.00092682947,6.5460806
-1.222793,0.05226667,0.32941666,296.345,0.0006812285,5.4643273,-0.5029037,0.77171737,0.06633333,1039.27,-0.0009036238,6.570391
-1.202379,0.034464784,0.31458333,283.25,0.0007043545,5.438571,-0.51757276,0.76421946,0.06108333,954.18,-0.00097594486,6.499421
-1.2234715,0.03959719,0.33066666,297.695,0.00067298795,5.4844384,-0.50781363,0.7692199,0.06383333,997.16,-0.0009350973,6.5421576
-1.2022148,0.033320196,0.31541666,283.92,0.0007026415,5.43992,-0.5192466,0.7636278,0.060083333,941.105,-0.0009881061,6.483878
-1.2233008,0.051759586,0.33058333,297.565,0.0006773476,5.4593716,-0.47605816,0.78590596,0.07091667,1115.265,-0.0008557407,6.6277733
-1.2035278,0.034896806,0.31575,283.975,0.0007026386,5.4399457,-0.51641166,0.76437885,0.06108333,954.965,-0.00097482366,6.49937
-1.2114217,0.041084796,0.32,287.975,0.0006976592,5.4507365,-0.5033661,0.77127796,0.063666664,994.555,-0.0009424506,6.538966
-1.2014786,0.039129738,0.31116667,280.0,0.00071614026,5.4021144,-0.50088686,0.7722948,0.06725,1049.26,-0.0008962419,6.5698657
-1.2197953,0.060229942,0.32441667,292.29,0.0006958721,5.4398656,-0.45403478,0.7966959,0.07225,1138.26,-0.00084925524,6.64643
-1.217635,0.021768618,0.33091667,297.95,0.0006630746,5.467425,-0.533233,0.75970614,0.053166665,827.885,-0.0011076049,6.334167
-1.2166103,0.04824313,0.32383335,291.615,0.0006917435,5.463205,-0.51188475,0.76741356,0.062416665,977.14,-0.0009548218,6.522627
-1.2140744,0.027965175,0.32775,295.215,0.0006726532,5.457593,-0.53823715,0.7568108,0.05275,820.12,-0.0011145843,6.3247056
-1.2251698,0.051119264,0.32975,296.705,0.0006810894,5.456482,-0.47051913,0.7892634,0.074083336,1165.72,-0.00082005764,6.6712837
-1.2223424,0.035331976,0.31766668,285.84,0.0007023555,5.4187775,-0.45434713,0.8002685,0.07591667,1198.32,-0.00080462784,6.6928606
-1.2025316,0.025186311,0.32391667,291.59,0.0006809344,5.465353,-0.5248773,0.76268375,0.059416667,926.86,-0.0009979033,6.4642267
-1.2033206,0.027474288,0.32025,288.155,0.00069000834,5.4559836,-0.52349806,0.761874,0.058916666,914.605,-0.0010127288,6.4543724
-1.2277714,0.038778022,0.33525,301.725,0.00066292327,5.493547,-0.50050956,0.77293605,0.06633333,1040.365,-0.00090094365,6.5820637
-1.2073551,0.019432709,0.32816666,295.49,0.0006689878,5.4659266,-0.53257155,0.7599396,0.05925,918.5,-0.000998694,6.4413753
-1.2176883,0.01579477,0.3355,301.905,0.0006524395,5.4813623,-0.53168786,0.7611046,0.054,838.945,-0.0010924804,6.346765
-1.2162375,0.036903918,0.32608333,293.545,0.00068139395,5.470807,-0.51205,0.7679899,0.060416665,940.19,-0.0009915768,6.4822335
-1.2206113,0.056165583,0.32716668,294.385,0.0006889143,5.446824,-0.49849153,0.7737596,0.06966667,1090.065,-0.00086345826,6.6082287
-1.2246686,0.040269144,0.33325,299.87,0.0006682386,5.4773116,-0.5073677,0.7683977,0.066583335,1039.43,-0.00090065046,6.5707464
-1.2244706,0.029609038,0.33291668,299.53,0.0006637247,5.469913,-0.51781464,0.7650376,0.061333332,956.315,-0.0009687789,6.47891
-1.2143089,0.042276494,0.32275,290.475,0.0006906955,5.438892,-0.5189082,0.7640892,0.0595,930.31,-0.0009991851,6.4514675
-1.2224107,0.034639932,0.33,297.035,0.00067181466,5.4609995,-0.5185633,0.76463383,0.060916666,949.655,-0.00097570295,6.4719305
-1.2146362,0.023923075,0.33066666,297.565,0.000665436,5.4659123,-0.5373507,0.75738966,0.05325,828.305,-0.001105168,6.334898
-1.2184905,0.04679625,0.32591668,293.43,0.0006865562,5.468736,-0.5130636,0.766964,0.06275,981.945,-0.0009500764,6.527678
-1.2288709,0.043030463,0.33433333,300.77,0.00066689553,5.4797535,-0.503901,0.7713329,0.068,1065.005,-0.0008813828,6.594472
-1.2019632,0.038957793,0.31183332,280.615,0.0007143735,5.4046493,-0.49940115,0.7734377,0.066583335,1041.54,-0.0009022747,6.562395
-1.2235094,0.03151044,0.33175,298.425,0.000667046,5.465979,-0.51673067,0.7654644,0.06108333,953.83,-0.0009749488,6.476197
-1.2120569,0.022654822,0.32858333,295.835,0.0006696643,5.460393,-0.52318126,0.76486295,0.058666665,913.61,-0.0010093714,6.4305844
-1.22451,0.044641238,0.33191666,298.77,0.00067288557,5.467146,-0.4985604,0.77375865,0.067999996,1064.55,-0.0008838652,6.5875654
-1.222338,0.03435559,0.33033332,297.31,0.0006710312,5.4618864,-0.5193004,0.7643303,0.060916666,949.475,-0.00097509613,6.471897
-1.2178154,0.020954985,0.33175,298.725,0.00066129223,5.4700093,-0.5371472,0.7578998,0.053166665,825.605,-0.0011079962,6.3320317
-1.2145948,0.04784883,0.322,289.96,0.00069425727,5.435634,-0.51998013,0.76374227,0.060083333,935.37,-0.0009909319,6.456791
-1.2148091,0.058884334,0.32033333,288.29,0.0007051101,5.426284,-0.4888215,0.77919066,0.06808333,1069.715,-0.00088688766,6.586979
-1.2005391,0.04261861,0.3235,291.4,0.0006881235,5.4447346,-0.5531503,0.7490146,0.050666668,784.835,-0.0011584996,6.2810817
-1.2095646,0.04655476,0.31883332,286.805,0.00070406497,5.42404,-0.49721125,0.7744587,0.066583335,1041.96,-0.00090476265,6.5619698
-1.2147739,0.029651217,0.32658333,293.845,0.00067586923,5.455688,-0.5446107,0.75293076,0.052583333,814.865,-0.0011167523,6.3219285
-1.21699,0.015637187,0.33558333,302.01498,0.0006522614,5.4822764,-0.5301385,0.7621951,0.05375,835.12,-0.0010961104,6.3427615
-1.2004824,0.04250985,0.3235,291.415,0.00068815716,5.444738,-0.5537262,0.74875665,0.050666668,785.02,-0.001157953,6.2812877
-1.2007363,0.03578479,0.31125,280.045,0.0007153829,5.403575,-0.49940166,0.77317524,0.06575,1028.135,-0.00091599574,6.548266
-1.2265172,-0.00047454928,0.34508333,310.645,0.0006272415,5.531344,-0.5202825,0.76783127,0.063666664,991.885,-0.000922953,6.5335956
-1.2190106,0.055139896,0.32725,294.485,0.0006870292,5.4485893,-0.49140856,0.7779775,0.068333335,1075.17,-0.0008791823,6.5919056
-1.2184367,0.04721146,0.32558334,292.925,0.00068800914,5.466976,-0.5092356,0.7684479,0.06266667,981.535,-0.0009501406,6.5263896
-1.2129272,0.032113697,0.32433334,291.97,0.0006812931,5.450424,-0.54704356,0.7514825,0.052416667,812.695,-0.0011187816,6.3205914
-1.2200637,0.036425523,0.32775,294.85,0.0006773887,5.453843,-0.51675713,0.7660027,0.0605,943.97,-0.0009851706,6.4655833
-1.2017659,0.038904067,0.32958335,296.675,0.00067469303,5.464511,-0.552732,0.7507992,0.050583333,785.815,-0.0011562671,6.2815514
-1.2151043,0.046500225,0.32275,290.575,0.0006924779,5.4377275,-0.520391,0.76357454,0.06016667,936.5,-0.0009900597,6.4574957
-1.211664,0.047537632,0.31958333,287.49,0.0007016051,5.42534,-0.50020736,0.7727933,0.06866667,1072.05,-0.0008769983,6.5915017
-1.2015215,0.032372653,0.3135,282.13,0.00070680893,5.434083,-0.51169765,0.76739955,0.062416665,972.96,-0.00096036645,6.517419
-1.2116361,0.034299005,0.32275,290.61,0.00068569224,5.445514,-0.5473644,0.7512275,0.052166667,809.21497,-0.0011235038,6.316131
-1.2224059,0.04119847,0.32975,296.835,0.00067581964,5.4814906,-0.508005,0.76939356,0.06375,995.385,-0.0009371774,6.539807
-1.2148119,0.00877408,0.34283334,308.505,0.00063551974,5.507057,-0.5420287,0.7608888,0.055666666,863.705,-0.0010381235,6.3770385
-1.2230997,0.034766905,0.33141667,298.26,0.00066878676,5.464857,-0.52064514,0.76370585,0.0615,958.765,-0.0009661718,6.4819484
-1.2023568,0.03981671,0.324,291.83,0.00068614795,5.4464507,-0.5525902,0.7494692,0.050916668,790.015,-0.0011512053,6.287617
-1.2251421,0.01884465,0.33566666,302.27,0.0006537337,5.5015087,-0.51406,0.76930964,0.06175,970.145,-0.0009574324,6.5125113
-1.219277,0.054568388,0.32866666,295.705,0.00068365264,5.4530396,-0.48989895,0.77863604,0.068833336,1082.77,-0.0008737082,6.599052
-1.2018135,0.04315419,0.31866667,286.815,0.0006989639,5.431508,-0.5599361,0.74451196,0.050583333,785.40497,-0.0011505448,6.2866597
-1.2284338,0.010293023,0.34125,306.98,0.00063943124,5.518408,-0.5097274,0.7707584,0.063,985.45,-0.0009437216,6.528414
-1.2154201,0.04409948,0.32325,290.89,0.0006905909,5.439164,-0.52215165,0.7627058,0.059916668,933.325,-0.0009919318,6.455164
-1.2142713,0.030530041,0.32591668,293.235,0.00067767885,5.45382,-0.54538894,0.7524249,0.052583333,814.0,-0.0011176048,6.3214297
-1.2244315,0.029758062,0.33266667,299.35,0.00066428806,5.4692874,-0.5175684,0.7652065,0.061333332,956.655,-0.00096820126,6.4791646
-1.2266378,0.031444527,0.33425,300.895,0.0006616044,5.4955444,-0.5130335,0.76724833,0.06383333,998.065,-0.00093341933,6.543282
-1.2090209,0.038446624,0.31383333,282.165,0.0007118234,5.4084225,-0.45176566,0.7978245,0.07216667,1137.095,-0.0008530101,6.644701
-1.2147788,0.018675404,0.33433333,300.895,0.00065602915,5.478638,-0.5362812,0.7592666,0.05333333,830.095,-0.0011000864,6.3371224
-1.2011213,0.045425035,0.32008332,287.985,0.0006973749,5.4325485,-0.5622351,0.7431732,0.04925,765.455,-0.001178136,6.257946
-1.2173822,0.039590273,0.32533333,292.79,0.00068425783,5.446646,-0.51809543,0.7647094,0.06,937.95,-0.000991553,6.4595184
-1.217104,0.017632568,0.33441666,300.96,0.0006551779,5.478072,-0.5334163,0.76004356,0.053833332,836.915,-0.001094911,6.3444576
-1.2013844,0.03577381,0.31383333,282.43,0.000706945,5.4295673,-0.50653255,0.7693156,0.06375,998.675,-0.0009365489,6.536183
-1.2183995,0.04126185,0.32583332,293.29,0.0006835296,5.4474587,-0.5201694,0.76375765,0.060416665,939.93,-0.0009846804,6.46209
-1.2191985,0.054550048,0.32633334,293.53,0.0006902526,5.445248,-0.5014752,0.7725418,0.0675,1057.825,-0.000889493,6.577893
-1.2281523,0.044302367,0.33375,300.23,0.0006685323,5.47795,-0.5054525,0.7706008,0.06775,1061.405,-0.00088455196,6.5912695
-1.2081356,0.045977976,0.31625,284.685,0.00070865307,5.4261737,-0.5024379,0.7714674,0.064333335,1006.82,-0.0009343433,6.5383997
-1.2072091,0.032249924,0.33133334,298.22,0.00066819193,5.4693785,-0.54274154,0.7561495,0.051666666,803.305,-0.0011347788,6.3032384
-1.2263297,-0.0030737813,0.34533334,310.835,0.00062651216,5.5325403,-0.5228519,0.766381,0.06316666,985.105,-0.0009274748,6.526831
-1.2227623,0.018681262,0.33591667,302.295,0.0006536923,5.500611,-0.517529,0.7678386,0.062583335,977.205,-0.00094664784,6.5187125
-1.2195265,0.04482002,0.3255,292.97,0.00068612135,5.466619,-0.5097842,0.76880705,0.062333334,976.2,-0.0009573927,6.5212483
-1.2202018,0.03814787,0.32791668,295.17,0.0006778573,5.4541774,-0.5195498,0.7641118,0.06075,944.865,-0.0009797312,6.4670033
-1.204415,0.036529392,0.31633332,284.75,0.00070145866,5.421632,-0.52771807,0.7597485,0.05875,914.815,-0.001010135,6.4339104
-1.2012985,0.04494567,0.31966665,287.715,0.00069776666,5.431629,-0.562636,0.7427707,0.049083333,763.85,-0.0011802725,6.255657
-1.2171365,0.02156291,0.33116665,298.205,0.000662676,5.468321,-0.5345248,0.759171,0.053333335,830.095,-0.0011024873,6.3368473
-1.2177033,0.013135676,0.33725,303.495,0.00064794655,5.487091,-0.5293249,0.7625903,0.054,839.60004,-0.001092575,6.3468943
-1.2025132,0.03435555,0.31458333,283.18,0.00070435967,5.438107,-0.51873416,0.7634396,0.061,953.445,-0.0009763867,6.498916
-1.2247052,0.048897177,0.332,298.63,0.0006740918,5.462928,-0.5045404,0.77064973,0.069,1079.61,-0.0008663889,6.59941
-1.222828,0.012781446,0.33641666,302.79,0.00065046625,5.4985795,-0.51949567,0.76661295,0.061416667,958.135,-0.00096185994,6.4938865
-1.2224056,0.04279278,0.332,298.78,0.00067244674,5.471589,-0.5075642,0.7679029,0.066,1033.095,-0.00090688735,6.5644403
-1.2277299,0.038541988,0.33541667,301.78,0.0006625506,5.495024,-0.5004673,0.77300453,0.066250004,1038.005,-0.00090229086,6.580883
-1.2239679,0.0516548,0.33125,298.0,0.00067804835,5.4596143,-0.50026166,0.7727941,0.07016666,1099.48,-0.00085398526,6.6169243
-1.2212857,0.036083248,0.32908332,296.2,0.00067427615,5.4579425,-0.5197372,0.76402557,0.060833335,947.265,-0.0009768776,6.4696913
-1.2091333,0.037336767,0.32125,289.255,0.0006905274,5.440532,-0.5507287,0.74948585,0.05183333,804.85,-0.0011275177,6.3114862
-1.2259126,0.02437463,0.33441666,300.87,0.00065794616,5.476649,-0.51322836,0.76877207,0.0615,960.02,-0.0009684016,6.482986
-1.2179157,0.029280003,0.33,297.27,0.0006696416,5.4836226,-0.51707846,0.7674564,0.060666665,950.96,-0.0009768662,6.4925203
-1.2139503,0.01843958,0.33616668,302.665,0.0006522088,5.4848323,-0.53266597,0.7618711,0.05358333,832.61,-0.001096807,6.339065
-1.2145141,0.05707659,0.32191667,289.68,0.0007000133,5.4428234,-0.5015783,0.7724284,0.06508333,1020.55,-0.00092027074,6.552239
-1.2071213,0.04125449,0.31983334,287.95,0.00069554825,5.4359317,-0.5527366,0.74830806,0.0515,799.08997,-0.0011339865,6.3047705
-1.2029514,0.03556502,0.31508332,283.595,0.00070391264,5.432844,-0.5054033,0.770155,0.06408333,1002.87,-0.0009327827,6.539967
-1.2163484,0.052377436,0.32433334,291.745,0.0006937674,5.4547367,-0.5035367,0.77086174,0.065,1014.77997,-0.0009242761,6.551387
-1.2171398,0.022928372,0.33025,297.355,0.00066501624,5.465314,-0.5337265,0.7594321,0.053166665,826.78,-0.0011084416,6.333038
-1.2130518,0.027225489,0.32975,296.7,0.0006690498,5.4626675,-0.53877836,0.7566303,0.053083334,824.41003,-0.0011089041,6.330014
-1.2262236,0.022872396,0.33483332,301.335,0.00065671955,5.4851503,-0.51511645,0.76805735,0.06125,957.265,-0.000970023,6.4870596
-1.2246488,0.037974477,0.33233333,298.895,0.00066936004,5.4885087,-0.5056826,0.770898,0.06441667,1007.19,-0.0009256795,6.5519404
-1.2013936,0.039669953,0.32916668,296.345,0.0006754019,5.4633,-0.5537981,0.75032663,0.050416667,784.125,-0.0011582313,6.2796245
-1.2018961,0.03488314,0.31366667,282.28,0.00070704025,5.434453,-0.5189105,0.76331437,0.060666665,948.14,-0.0009809973,6.493577
-1.212299,0.02925593,0.32583332,293.495,0.0006777389,5.4724574,-0.5177114,0.7665256,0.05975,936.035,-0.0009934854,6.476775
-1.2159414,0.05979431,0.32391667,291.43,0.00069722015,5.437456,-0.4931532,0.77679884,0.06741667,1059.8,-0.00089162186,6.5779133
-1.2230246,0.030166617,0.33125,298.085,0.0006669147,5.4651623,-0.51568824,0.76697123,0.061,952.84,-0.0009756174,6.474846
-1.216343,0.045770172,0.32341668,291.11,0.00069091946,5.460756,-0.5113572,0.7678742,0.061916668,968.91,-0.00096351583,6.513854
-1.211497,0.0209256,0.33016667,297.2,0.0006663142,5.465175,-0.5287491,0.76261616,0.059083335,918.265,-0.0010000141,6.4357877
-1.2164886,0.05521037,0.32433334,291.91,0.0006942214,5.439806,-0.49796683,0.7739619,0.06683333,1046.21,-0.0009001078,6.5668344
-1.204395,0.027168414,0.32083333,288.72,0.0006884605,5.457587,-0.5223462,0.76245993,0.059083335,917.525,-0.001010522,6.4574075
-1.230247,0.04036184,0.33583334,302.13,0.00066303334,5.4760857,-0.4868295,0.78152055,0.07508333,1180.65,-0.0008010321,6.685301
-1.207444,0.020570338,0.32666665,293.98502,0.0006733894,5.473675,-0.5228552,0.76419294,0.060333334,942.785,-0.0009820638,6.4808335
-1.2261885,0.035667233,0.33316666,299.815,0.0006659819,5.491617,-0.5075902,0.7696586,0.06425,1003.985,-0.00092822005,6.54852
-1.2178171,0.05617688,0.32516667,292.525,0.0006940553,5.441744,-0.49897322,0.7736428,0.06741667,1055.525,-0.00089286326,6.5753536
-1.2245699,0.029422738,0.33291668,299.525,0.000663617,5.4699383,-0.51827794,0.7648225,0.061333332,955.73,-0.00096954533,6.478369
-1.2205354,0.045107972,0.32733333,294.54,0.0006833362,5.4724646,-0.5085877,0.7688121,0.06316667,987.775,-0.0009449991,6.5323133
-1.2257177,0.0453321,0.33366665,300.27,0.0006688545,5.469254,-0.50514966,0.77056974,0.06891666,1078.275,-0.00086790253,6.597856
-1.2266014,-0.0030738409,0.34600002,311.4,0.000625181,5.5344334,-0.52030456,0.76798487,0.06383333,993.21,-0.000920844,6.534285
-1.2271055,0.030805156,0.33466667,301.25,0.0006604191,5.4967694,-0.5101799,0.7688776,0.06391667,999.845,-0.0009334068,6.5447297
-1.2101638,0.040949505,0.32025,288.205,0.0006962487,5.4527755,-0.51236576,0.76674354,0.061833333,968.085,-0.0009631734,6.512751
-1.2227818,0.008226679,0.33625,302.605,0.00064823235,5.483185,-0.52045316,0.76665753,0.059916668,935.77,-0.0009851466,6.4547467
-1.2160183,0.053541336,0.32366666,291.15,0.00069526414,5.4521103,-0.5046435,0.770254,0.06508333,1015.235,-0.0009242308,6.5512743
-1.217481,0.05656445,0.32441667,291.855,0.00069545704,5.43953,-0.49852675,0.77395713,0.06725,1053.215,-0.0008951177,6.5729637
-1.2018818,0.03291469,0.31441668,282.92,0.0007049142,5.437242,-0.5119305,0.76735246,0.062416665,974.715,-0.000958525,6.5186725
-1.2171968,0.05825522,0.32366666,291.29,0.00069656543,5.4474516,-0.5024932,0.7721572,0.065416664,1024.975,-0.0009163371,6.556154
-1.2254817,0.046613794,0.33383334,300.325,0.00066911936,5.4690547,-0.50276244,0.7714159,0.06908333,1082.125,-0.0008649276,6.6017227
-1.2107253,0.0356483,0.32158333,289.65,0.00068880967,5.4421363,-0.548238,0.75072134,0.052,806.485,-0.0011273072,6.312809
-1.2248982,0.026742134,0.33308333,299.76498,0.00066129747,5.4710836,-0.5125052,0.7689078,0.061416667,958.025,-0.0009712012,6.479269
-1.2147183,0.047332425,0.31875,286.695,0.0007044856,5.4227204,-0.45249227,0.79787797,0.07266667,1145.08,-0.00084688485,6.651504
-1.2121664,0.06100723,0.31808335,286.215,0.0007108002,5.419465,-0.4948735,0.7759473,0.066416666,1045.1,-0.00090368814,6.564239
-1.2217641,0.012504273,0.33383334,300.55,0.00065374107,5.476203,-0.529629,0.760852,0.057,886.875,-0.0010353199,6.4027066
-1.2076724,0.04192336,0.318,286.17,0.0007003409,5.4248996,-0.52525556,0.76114315,0.059,918.215,-0.0010068055,6.439002
-1.2002987,0.04081473,0.30741668,276.61,0.00072544446,5.3901205,-0.49655682,0.7749126,0.0655,1027.28,-0.00091719127,6.5474796
-1.2042326,0.036807194,0.32458332,292.355,0.0006834933,5.448401,-0.5500018,0.7508155,0.05116667,795.445,-0.0011454555,6.29428
-1.2207943,0.036570337,0.32833335,295.445,0.0006763605,5.4551883,-0.5159441,0.7658232,0.06075,948.645,-0.0009818865,6.4707627
-1.2127451,0.040713307,0.304,273.565,0.0007353072,5.3759017,-0.4163086,0.81693923,0.07408333,1173.9,-0.00083861215,6.672198
-1.228405,0.009479669,0.34125,307.125,0.0006390132,5.5186954,-0.5112154,0.77090377,0.063083336,987.07,-0.0009410296,6.529857
-1.2242473,0.030650297,0.33241665,299.07,0.00066529796,5.468315,-0.5174057,0.7652186,0.061333332,956.075,-0.0009693099,6.4785132
-1.2093672,0.041635115,0.31925,287.425,0.0006977442,5.4373736,-0.5185996,0.7639562,0.060666665,946.765,-0.0009820943,6.477456
-1.2278705,0.038600318,0.33541667,301.765,0.0006623623,5.4954853,-0.5016633,0.77240425,0.06633333,1038.06,-0.00090216135,6.580909
-1.2032541,0.041970108,0.32133332,289.145,0.0006928282,5.436877,-0.5575566,0.74581605,0.05008333,778.0,-0.0011635453,6.273511
-1.2050699,0.041625626,0.32033333,288.38,0.0006946454,5.4336214,-0.56285644,0.7427292,0.0495,769.935,-0.0011709438,6.264023
-1.2193304,0.033225052,0.32891667,296.02,0.0006742857,5.4789906,-0.5120371,0.76812744,0.061,949.325,-0.0009819755,6.4919295
-1.2173369,0.023234755,0.3305,297.62,0.00066494953,5.4659996,-0.5365396,0.7580974,0.053083334,824.275,-0.0011098254,6.3302393
-1.2179778,0.020595113,0.33191666,298.895,0.00066072494,5.4706073,-0.5362887,0.75825685,0.053166665,825.81,-0.0011075623,6.332064
-1.2015501,0.040404547,0.30933332,278.385,0.0007210022,5.395877,-0.49435577,0.77602303,0.06633333,1039.635,-0.00090777903,6.5591054
-1.2235696,0.04018781,0.33116665,297.77,0.0006735574,5.4829764,-0.50348824,0.77192837,0.0645,1007.84,-0.0009275174,6.552084
-1.2050654,0.038518645,0.30933332,278.405,0.000721985,5.3949842,-0.45358005,0.7966514,0.071333334,1123.1799,-0.000863594,6.6327004
-1.2027174,0.034707796,0.31458333,282.97,0.0007050809,5.436358,-0.51708215,0.7640837,0.060833335,951.345,-0.0009778118,6.495688
-1.2157956,0.047004018,0.32366666,291.21,0.000692145,5.461749,-0.5104255,0.767868,0.062333334,976.405,-0.0009544509,6.5211334
-1.214088,0.008319532,0.34325,309.02,0.0006343921,5.507835,-0.5388055,0.76182705,0.055416666,860.67,-0.0010476842,6.3721027
-1.2165061,0.015092266,0.33633333,302.745,0.00065029296,5.484948,-0.5320412,0.7617011,0.053916667,838.19,-0.0010908946,6.346222
-1.215729,0.0167509,0.33533335,301.78,0.00065314793,5.481664,-0.53411114,0.76054305,0.053666666,834.445,-0.0010949876,6.3421617
-1.2244928,0.0019314034,0.33891666,305.035,0.0006396987,5.492127,-0.5259399,0.76354444,0.05875,916.865,-0.0010026582,6.434757
-1.2003335,0.040597476,0.30725,276.635,0.00072535546,5.390083,-0.49726254,0.77463865,0.06566667,1029.76,-0.0009155689,6.5497103
-1.201738,0.03535173,0.31258333,281.355,0.0007114892,5.4083633,-0.50154054,0.7720453,0.066083334,1032.475,-0.00091097644,6.55319
-1.2205715,0.03953423,0.32825,295.58,0.00067705987,5.455032,-0.52006793,0.7639642,0.061,949.655,-0.00097592047,6.4723005
-1.2209526,0.011309122,0.33558333,302.09,0.0006511109,5.48113,-0.5251029,0.7649862,0.06016667,937.595,-0.0009787367,6.4565945
-1.2270696,0.039929315,0.33433333,300.87,0.0006647415,5.4932594,-0.50063485,0.7728512,0.066083334,1033.655,-0.00090747984,6.577162
-1.2024153,0.036623873,0.31441668,283.005,0.00070582365,5.4298058,-0.5039657,0.77066773,0.064166665,1003.64,-0.00093355734,6.5400634
-1.2215943,0.012333517,0.33441666,300.98502,0.00065364916,5.4773197,-0.52037317,0.76649857,0.059750002,932.29,-0.0009889797,6.451128
-1.2238468,0.041753918,0.33258334,299.28,0.00067032856,5.4761424,-0.50606906,0.76899594,0.066583335,1038.655,-0.00090229855,6.5709
-1.2213755,0.044336196,0.33041668,297.31,0.0006765219,5.466896,-0.5055553,0.7690437,0.06558333,1027.45,-0.0009131433,6.558686
-1.2209508,0.031873368,0.33,296.98,0.0006709767,5.4821434,-0.508435,0.76960844,0.06108333,953.39,-0.0009789885,6.496406
-1.2226285,0.035501037,0.33116665,298.01,0.00066955766,5.464011,-0.5198003,0.7641858,0.0615,959.245,-0.00096693094,6.4822717
-1.2092681,0.045652255,0.31725,285.54,0.000706181,5.429689,-0.50316375,0.77096957,0.064666666,1010.97,-0.0009309802,6.5427084
-1.2142483,0.011719325,0.34083334,306.775,0.0006401633,5.4993215,-0.53677726,0.7616176,0.05466667,850.435,-0.0010662903,6.360081
-1.2168739,0.048807148,0.3245,291.865,0.000691443,5.462179,-0.50380194,0.7715281,0.06375,996.585,-0.00094032014,6.5405817
-1.2228371,0.028309343,0.332,298.73,0.0006653387,5.488374,-0.50811034,0.77029306,0.061333332,959.475,-0.0009728354,6.502397
-1.2241294,0.03043953,0.3325,299.115,0.000665106,5.468362,-0.5176637,0.76509565,0.061166666,954.59,-0.0009724372,6.4771414
-1.2039537,0.035759207,0.31608334,284.54,0.0007009873,5.4208765,-0.52865326,0.75940347,0.0585,911.355,-0.0010122593,6.4312763
-1.2232755,0.051206097,0.33141667,298.18,0.00067632674,5.4611673,-0.5026125,0.7715804,0.06891666,1077.79,-0.0008690656,6.5977125
-1.2093439,0.04242101,0.319,287.225,0.0006990668,5.449405,-0.51357234,0.7661175,0.061833333,966.02,-0.0009657989,6.511191
-1.1991478,0.038882956,0.311,279.84,0.00071487477,5.4212403,-0.5084422,0.7683101,0.06325,989.875,-0.00094420253,6.528707
-1.2214255,0.036837537,0.32991666,297.05,0.00067231874,5.4603987,-0.5200994,0.7638789,0.06108333,952.045,-0.0009734089,6.4750714
-1.2316076,0.020394197,0.33566666,301.995,0.0006553729,5.476832,-0.5202549,0.76960874,0.07733333,1210.28,-0.00076223013,6.70676
-1.2024835,0.03741299,0.31308332,281.605,0.0007110588,5.4188123,-0.5038586,0.77098185,0.06408333,1003.005,-0.0009369966,6.5347176
-1.2144651,0.007879113,0.34333333,309.075,0.000634275,5.508345,-0.5386204,0.7621229,0.05558333,862.435,-0.0010440805,6.3747973
-1.2282435,0.011448511,0.34075,306.505,0.0006408576,5.516354,-0.5091809,0.770787,0.062916666,984.035,-0.0009458487,6.526969
-1.2103765,0.029792797,0.33166668,298.6,0.0006661345,5.47032,-0.53630114,0.7587748,0.052,809.90497,-0.0011291542,6.3121214
-1.2130643,0.02650716,0.32775,294.965,0.0006729852,5.4748983,-0.51545316,0.7676348,0.060666665,949.84,-0.0009788832,6.488567
-1.2181492,0.05215049,0.32541665,292.78,0.0006904633,5.4569206,-0.5042871,0.77057123,0.0655,1020.93,-0.00091845996,6.5564966
-1.202826,0.04312181,0.31041667,279.35,0.0007195543,5.3991175,-0.4957427,0.7752222,0.06575,1032.04,-0.00091416616,6.551691
-1.2135911,0.039037056,0.3035,273.04,0.00073633465,5.3740335,-0.41146138,0.81969196,0.07491667,1189.435,-0.00083237054,6.6836014
-1.220398,0.050314914,0.32791665,295.04,0.0006846203,5.4661374,-0.49785492,0.7738668,0.066,1031.595,-0.0009117706,6.567633
-1.2204942,0.05665876,0.32633334,293.59,0.00069065194,5.4443464,-0.5003722,0.7728968,0.069583334,1088.19,-0.00086409407,6.606446
-1.2269597,-1.3231691e-05,0.34308332,308.82,0.00063201337,5.525545,-0.5175381,0.76815295,0.06266667,977.09,-0.00094001484,6.5187855
-1.219472,0.04925194,0.3255,292.945,0.00068923866,5.465935,-0.49935552,0.77324724,0.06458333,1008.915,-0.00093025225,6.553172
-1.216725,0.024472425,0.32983333,297.005,0.0006670801,5.4638405,-0.5381467,0.7570102,0.05291667,822.535,-0.0011110803,6.3283753
-1.202488,0.03576189,0.31541666,283.98,0.00070295186,5.419513,-0.5292651,0.7589981,0.0585,910.05,-0.0010149714,6.4289765
-1.2100724,0.04208975,0.31916666,287.33,0.0006977184,5.449482,-0.51435906,0.7663034,0.061166666,957.17,-0.00097422575,6.5018234
-1.2256862,0.035901148,0.3335,299.99,0.0006659828,5.4922614,-0.5076517,0.7699192,0.06458333,1007.85,-0.0009242826,6.5524974
-1.225818,0.023803614,0.33433333,301.005,0.0006580399,5.487576,-0.5142274,0.76812005,0.061166666,957.665,-0.00097022695,6.491043
-1.2036386,0.023065971,0.327,294.3,0.000673281,5.456637,-0.5338108,0.75974655,0.05825,903.54,-0.0010155226,6.419607
-1.22071,0.05543566,0.32791668,294.965,0.0006862538,5.449961,-0.5017038,0.77209365,0.06841666,1070.59,-0.00087574456,6.5908327
-1.2047673,0.038730048,0.30908334,278.02,0.00072302006,5.3937764,-0.4535395,0.79694784,0.071333334,1124.04,-0.00086331845,6.633267
-1.2074671,0.038326,0.32125,289.045,0.00069159665,5.4358983,-0.5516196,0.7485214,0.052416664,811.29,-0.0011203634,6.3157496
-1.2074233,0.034994453,0.32566667,293.285,0.00068060996,5.451171,-0.5481177,0.7515932,0.051666666,803.71,-0.0011350045,6.304649
-1.2225492,0.038912598,0.32908332,296.155,0.0006761868,5.477876,-0.5099769,0.768872,0.063083336,985.6,-0.00094824,6.5307446
-1.218192,0.03678188,0.32608333,293.47,0.0006821333,5.469926,-0.5170311,0.7657815,0.060083333,937.02,-0.0009922263,6.4786453
-1.2009493,0.042224433,0.32375,291.575,0.0006875725,5.4453793,-0.5526657,0.7490448,0.050666668,785.39,-0.0011577,6.281994
-1.2244363,0.038727514,0.33233333,298.795,0.00067014206,5.4869475,-0.50408244,0.7715952,0.06458333,1009.45,-0.0009255575,6.5537314
-1.2023598,0.024737803,0.32658333,294.025,0.0006748597,5.455695,-0.53400224,0.75944734,0.058333334,904.45,-0.0010139106,6.420495
-1.2043732,0.026974142,0.32025,287.995,0.0006901982,5.4552646,-0.5248982,0.7614523,0.058916666,914.015,-0.0010120473,6.453802
-1.221135,0.025877938,0.332,299.03,0.00066414487,5.489761,-0.514672,0.76856655,0.06108333,959.15,-0.0009686996,6.501157
-1.2180103,0.021739203,0.33125,298.3,0.0006624714,5.468453,-0.53569454,0.758507,0.053083334,824.045,-0.001110114,6.3299913
-1.2274201,0.04408246,0.33583334,302.145,0.0006655307,5.474296,-0.50113416,0.7722701,0.07091667,1107.49,-0.0008466822,6.624481
-1.2082804,0.0389433,0.3215,289.47,0.0006908673,5.4371758,-0.55694205,0.7459311,0.050333332,782.985,-0.0011537721,6.2809925
-1.2140088,0.030265722,0.32691666,294.2,0.0006753836,5.454746,-0.54835343,0.7509211,0.052,807.955,-0.0011247435,6.311712
-1.201772,0.03845168,0.31141666,280.215,0.00071533234,5.403161,-0.5003678,0.7728585,0.06675,1044.25,-0.000900203,6.564833
-1.2260314,0.023869777,0.33458334,301.01498,0.0006574181,5.479025,-0.51347977,0.7686867,0.061416667,958.785,-0.00096942345,6.4833384
-1.2232128,0.024188869,0.33266667,299.65,0.0006616677,5.49215,-0.51232576,0.76980245,0.06125,961.965,-0.00096703204,6.5040045
-1.209304,0.025477903,0.33716667,303.505,0.00065299013,5.489979,-0.53815943,0.76041776,0.0535,829.875,-0.0010940334,6.33656
-1.2313119,0.024914362,0.33366665,300.19,0.0006616014,5.4700794,-0.5019763,0.7788069,0.07725,1214.09,-0.00076977786,6.70839
-1.2169878,0.043350257,0.32433334,291.91,0.00068776717,5.4426565,-0.52096665,0.7632288,0.06016667,936.475,-0.0009884896,6.458491
-1.2011958,0.040209353,0.30900002,278.135,0.0007215678,5.3954005,-0.49508145,0.77574676,0.06616667,1037.225,-0.00090907264,6.556777
-1.2259482,0.034556355,0.33316666,299.93,0.00066487544,5.492116,-0.5133307,0.7669093,0.06358334,996.005,-0.00093477516,6.541289
-1.2199007,0.03482803,0.3275,294.76,0.00067805045,5.4742393,-0.5161722,0.76625484,0.06025,940.555,-0.0009887969,6.482466
-1.2151123,0.055667613,0.32266667,290.315,0.0006991611,5.434513,-0.4979412,0.7741722,0.067,1049.535,-0.0008985974,6.56926
-1.2069169,0.041373704,0.32075,288.785,0.00069372734,5.4346495,-0.55965114,0.7443676,0.049916666,776.90497,-0.0011620122,6.273442
-1.2022644,0.025406063,0.32366666,291.395,0.00068144855,5.464755,-0.5261948,0.7621001,0.05925,924.545,-0.000999683,6.461796
-1.2229623,0.034920853,0.33141667,298.275,0.0006689097,5.464872,-0.5201408,0.7639901,0.0615,959.325,-0.00096636714,6.482411
-1.2043885,0.03547202,0.3165,284.915,0.00070060004,5.43194,-0.52051,0.7631343,0.06016667,940.045,-0.0009877858,6.4720354
-1.2104136,0.034078028,0.322,289.715,0.000689447,5.4589987,-0.5196736,0.76386136,0.05925,922.56,-0.0010051175,6.463052
-1.2187951,0.040257577,0.326,293.4,0.00068286253,5.4478397,-0.51672584,0.7651576,0.060416665,942.14,-0.0009887939,6.4640584
-1.222056,0.04544281,0.33016667,297.145,0.0006768327,5.470444,-0.505614,0.76942974,0.066416666,1034.71,-0.0009062669,6.56853
-1.2013947,0.043578163,0.31841666,286.63,0.0006995748,5.4312243,-0.559343,0.74474263,0.050416667,783.95,-0.0011536544,6.2850184
-1.2196299,0.045711208,0.32758334,294.48,0.000683735,5.471393,-0.50382394,0.77174103,0.064,1000.4,-0.0009350211,6.544538
-1.2256683,0.035837486,0.33333334,299.865,0.0006659066,5.4917173,-0.5085415,0.7692634,0.06441667,1006.005,-0.0009259965,6.5509906
-1.232165,0.035011765,0.33708334,303.375,0.00065768237,5.4803653,-0.5112743,0.76963764,0.075666666,1184.355,-0.00078490603,6.690334
-1.2171834,0.057953186,0.32425,291.79,0.00069521676,5.4492307,-0.50227594,0.77218074,0.065416664,1026.135,-0.00091492943,6.5577755
-1.2023835,0.027324935,0.31975,287.605,0.00069124147,5.454408,-0.5253144,0.7609746,0.058833335,911.89,-0.0010143971,6.4511914
-1.2151484,0.055007886,0.323,290.775,0.0006975882,5.4444647,-0.50290453,0.7709703,0.06508333,1019.3,-0.0009220977,6.5505505
-1.2022337,0.03169004,0.31683335,285.155,0.0006989172,5.424372,-0.52663773,0.7600765,0.05825,907.27997,-0.0010207603,6.4263296
-1.2026494,0.031540018,0.31683335,285.185,0.000698353,5.4243126,-0.5257429,0.76061,0.0585,910.005,-0.0010177131,6.4289913
-1.2173518,0.012424224,0.33766666,303.86,0.00064671884,5.488572,-0.5288277,0.76307636,0.054166667,841.385,-0.0010893256,6.3496213
-1.2013844,0.03560985,0.31475,283.28,0.00070458144,5.4173355,-0.53039336,0.75838256,0.05825,906.575,-0.0010183159,6.425217
-1.2109025,0.03410861,0.32333332,291.075,0.00068559503,5.463958,-0.51376563,0.767143,0.059833333,931.61,-0.001000535,6.472963
-1.2174085,0.020574775,0.333,299.845,0.00066037645,5.4833126,-0.5280365,0.7622715,0.0605,942.355,-0.00097437896,6.4727573
-1.2291232,0.012654548,0.33716667,303.47,0.0006484097,5.483306,-0.540839,0.7611481,0.07725,1206.335,-0.0007533687,6.7046566
-1.2222617,0.054405667,0.32925,296.18,0.0006836401,5.453214,-0.50012314,0.772797,0.07,1095.715,-0.0008579092,6.6135783
-1.2013869,0.045078628,0.32025,288.145,0.00069663144,5.433168,-0.5617216,0.7434969,0.049416665,767.3,-0.0011767044,6.260294
-1.2145851,0.025022399,0.33,296.955,0.0006672969,5.4638624,-0.5374469,0.7571968,0.053,823.78,-0.0011108954,6.3293986
-1.205296,0.03879061,0.31016666,279.275,0.0007198038,5.398007,-0.4531608,0.7968757,0.071166664,1122.16,-0.00086332456,6.631854
-1.2089316,0.04649467,0.31825,286.5,0.00070355035,5.4235463,-0.4985329,0.7736754,0.0665,1040.6,-0.00090439286,6.560992
-1.2102814,0.035286084,0.32433334,291.97,0.0006832559,5.4460335,-0.54742754,0.75162077,0.05175,803.96,-0.0011311128,6.306298
-1.2222782,0.04455838,0.33083335,297.705,0.00067532994,5.4721723,-0.50501394,0.7698727,0.066416666,1034.9451,-0.000905409,6.569006
-1.2183378,0.05594233,0.32633334,293.69,0.0006896078,5.445874,-0.49184334,0.7777619,0.06808333,1071.04,-0.0008828159,6.5880795
-1.2085872,0.04915146,0.31733334,285.54,0.00070644345,5.4303093,-0.50172615,0.7722552,0.06441667,1011.09503,-0.00092862104,6.542761
-1.2241294,0.03707,0.33058333,297.555,0.0006718202,5.483102,-0.5101653,0.7688522,0.06325,988.42,-0.00094475533,6.534076
-1.2188822,0.015971646,0.334,300.63,0.00065652875,5.4757967,-0.5253248,0.7645493,0.059833333,932.975,-0.0009846028,6.451758
-1.2027931,0.031791296,0.3175,285.71,0.00069740356,5.426258,-0.526395,0.7604406,0.05825,908.545,-0.0010194184,6.427711
-1.2178994,0.045637783,0.32525,292.76,0.00068684784,5.4466248,-0.5178439,0.76462024,0.061333332,958.16,-0.0009701694,6.4827714
-1.2205087,0.0585193,0.32625,293.62,0.0006912847,5.443755,-0.48851967,0.77929455,0.069416665,1088.13,-0.0008708974,6.604716
-1.2301543,0.041841913,0.329,296.15,0.0006774343,5.454404,-0.47231805,0.79,0.07575,1191.6799,-0.00079740153,6.6919785
-1.2017014,0.044013735,0.319,286.96,0.0006990514,5.430419,-0.55920035,0.74460036,0.050916668,789.425,-0.0011446326,6.29121
-1.2136031,0.031260602,0.32625,293.67,0.00067722326,5.452554,-0.54974276,0.75013167,0.05183333,805.3,-0.0011276028,6.3083153
-1.2254486,0.045370378,0.33341667,300.005,0.00066976453,5.4683223,-0.5041547,0.7711894,0.068833336,1076.97,-0.000869355,6.596615
-1.2090678,0.050963234,0.316,284.44,0.00071091624,5.4145184,-0.4901691,0.7784555,0.06733333,1058.155,-0.0008949574,6.575941
-1.2036667,0.022704555,0.32716668,294.47,0.0006729284,5.457241,-0.5343584,0.7594721,0.058333334,904.665,-0.0010138424,6.4207773
-1.199915,0.036878835,0.31208333,280.865,0.00071212475,5.423938,-0.5081431,0.76831996,0.06316666,989.02,-0.00094467617,6.5277514
-1.2040166,0.03237772,0.31525,283.685,0.00070372573,5.438859,-0.50793564,0.7693139,0.062916666,981.27,-0.000953546,6.5255117
-1.2246095,0.037582856,0.33216667,299.09,0.0006682972,5.488891,-0.51089513,0.7680867,0.06358333,995.215,-0.00093681156,6.5402064
-1.2291828,0.035762787,0.3285,295.55,0.00067796174,5.452529,-0.46926603,0.79393256,0.07716667,1217.385,-0.0007844087,6.7094283
-1.2234496,0.0391435,0.331,298.065,0.0006719019,5.485064,-0.5095991,0.7686953,0.0635,993.425,-0.0009387634,6.5382805
-1.2235312,0.0322491,0.33125,298.075,0.00066819164,5.464625,-0.5157753,0.76601905,0.06125,955.175,-0.0009750004,6.47768
-1.2075244,0.043435127,0.31766668,285.965,0.0007018305,5.4240065,-0.52495366,0.76110774,0.059083335,919.65497,-0.001006286,6.439082
-1.212444,0.04906364,0.31716666,285.655,0.0007081294,5.41847,-0.4528684,0.7970659,0.071833335,1131.53,-0.00085571554,6.640452
-1.2052174,0.04095325,0.31958333,287.74,0.0006958887,5.4351444,-0.554445,0.7472781,0.051083334,794.61,-0.0011403776,6.2989407
-1.2243183,0.04451416,0.331,297.75,0.00067467213,5.4820824,-0.499852,0.7730416,0.0655,1024.07,-0.0009172518,6.5679564
-1.2046605,0.042504508,0.31875,286.95,0.0006983632,5.4327464,-0.5546898,0.7473037,0.051,792.315,-0.0011424972,6.2963376
-1.2305442,0.029820587,0.33141667,298.13,0.0006687606,5.4622583,-0.48689595,0.7856179,0.077083334,1213.9401,-0.00077772234,6.70764
-1.2223554,0.03414693,0.32991666,296.875,0.0006718912,5.4603734,-0.51574665,0.7659306,0.06108333,952.87,-0.0009778256,6.475237
-1.2131865,0.02116604,0.3345,301.29,0.0006563486,5.480008,-0.5339685,0.7609713,0.053166665,826.56,-0.0011049393,6.3317823
-1.2250066,3.0916726e-05,0.33991668,305.955,0.0006369236,5.4953403,-0.521792,0.76607114,0.059916668,936.545,-0.0009824814,6.455571
-1.2144953,0.060049877,0.32141668,289.26,0.0007025791,5.430196,-0.49610758,0.7746266,0.06758333,1058.115,-0.00089018076,6.578692
-1.2059245,0.031565044,0.31841666,286.64,0.0006947248,5.428721,-0.52349466,0.76180935,0.059,917.95,-0.0010113326,6.4374366
-1.2037692,0.03310043,0.31625,284.715,0.00070041965,5.4429784,-0.5180371,0.7644317,0.060416665,945.675,-0.0009843061,6.488754
-1.231106,0.014274397,0.33833334,304.385,0.0006471225,5.4859333,-0.54745215,0.75683695,0.077,1203.12,-0.0007544921,6.7026887
-1.2142768,0.009170354,0.3425,308.36,0.00063598447,5.5051465,-0.5366851,0.7623751,0.055166665,857.555,-0.0010547743,6.3682847
-1.2032093,0.031380843,0.31758332,285.795,0.0006972329,5.4265647,-0.52661556,0.76024574,0.058333334,908.97,-0.001019144,6.4281073
-1.2127135,0.046829697,0.32108334,289.06,0.00069639593,5.433117,-0.5221296,0.7625848,0.059750002,929.955,-0.0009965578,6.450475
-1.2042323,0.034803502,0.33016667,297.165,0.0006713913,5.466247,-0.5481414,0.75325376,0.051,792.56,-0.0011489735,6.2897596
-1.2288321,0.04364219,0.33408335,300.585,0.000668478,5.470417,-0.48097152,0.78450066,0.07475,1175.385,-0.0008076696,6.680347
-1.2241,-0.0024000774,0.34125,307.085,0.0006333595,5.4994373,-0.5279951,0.7631531,0.059750002,931.155,-0.0009845253,6.450202
-1.2124509,0.02410863,0.33258334,299.38,0.000661866,5.473361,-0.54173124,0.7567684,0.052916665,823.27,-0.0011059453,6.3289523
-1.2262338,0.041992042,0.333,299.615,0.00066865946,5.488794,-0.49968132,0.7732643,0.06583333,1030.14,-0.0009110199,6.5738387
-1.2284819,0.008550142,0.34175,307.56,0.00063764356,5.52025,-0.5119281,0.77053416,0.06316666,988.045,-0.00093977794,6.5309153
-1.2194036,0.037819654,0.32691666,294.15,0.0006799627,5.4513135,-0.5185563,0.7646229,0.060416665,942.54,-0.0009862805,6.464316
-1.2119073,0.04757804,0.3195,287.42,0.0007017256,5.4250426,-0.49910322,0.7732442,0.06866667,1073.35,-0.0008772793,6.59263
-1.2198178,0.049540278,0.32791665,295.025,0.00068390183,5.463747,-0.5049679,0.7699868,0.066,1028.105,-0.0009118992,6.563445
-1.2065101,0.027499564,0.32116666,288.845,0.0006883405,5.4572973,-0.5232971,0.7621933,0.059166666,918.435,-0.0010079329,6.4585447
-1.2035819,0.037218552,0.31433332,282.95,0.0007083322,5.4130845,-0.49907327,0.77336097,0.066250004,1035.07,-0.00090931583,6.555666
-1.2072511,0.03935026,0.32066667,288.52,0.0006931545,5.4339967,-0.55043674,0.7490381,0.0525,812.075,-0.0011194932,6.3165092
-1.2147058,0.02940151,0.32725,294.46,0.0006744845,5.4560065,-0.5469702,0.7517304,0.052166667,810.39,-0.0011218466,6.3148885
-1.2036861,0.03754951,0.31383333,282.46,0.00070976844,5.4213223,-0.503102,0.7711001,0.06425,1004.54004,-0.0009371136,6.536029
-1.208394,0.040635668,0.31866667,286.855,0.00069814513,5.427325,-0.52599704,0.76085603,0.059,919.045,-0.0010050961,6.4398293
-1.2255746,0.024978505,0.33391666,300.51,0.0006592857,5.4804673,-0.51497036,0.7679623,0.061166666,955.135,-0.0009724093,6.483086
-1.202968,0.042523813,0.31975,287.78,0.00069656473,5.431897,-0.5634516,0.74243987,0.04916667,764.83997,-0.0011784498,6.257224
-1.2029738,0.032005507,0.31425,282.725,0.0007058834,5.4361606,-0.50932014,0.76855254,0.06266667,977.35,-0.0009567842,6.5215006
-1.2242916,-0.0017632389,0.34133333,307.235,0.0006336499,5.4998026,-0.5256623,0.76476455,0.060416665,943.15,-0.00097175787,6.462432
-1.2193054,0.04159728,0.32708332,294.53,0.00068070256,5.4513674,-0.5196416,0.76417476,0.060833335,947.55,-0.0009787137,6.469897
-1.2017338,0.034549814,0.31391665,282.515,0.00070595223,5.4357867,-0.51948225,0.7631378,0.060833335,950.645,-0.0009785012,6.496247
-1.2164927,0.019529471,0.33316666,299.865,0.0006585048,5.474162,-0.53550303,0.7586984,0.053583335,833.37,-0.0010974855,6.340657
-1.2229706,0.043643598,0.33116665,298.025,0.00067401986,5.4722996,-0.5055645,0.7693864,0.066416666,1036.325,-0.0009043378,6.569005
-1.21303,0.02323634,0.32925,296.3,0.000669283,5.480074,-0.5189671,0.7663367,0.06108333,954.085,-0.00097170117,6.492874
-1.2237864,0.029115696,0.3315,298.36,0.0006669362,5.4848537,-0.5147548,0.76733446,0.060833335,951.11,-0.0009778055,6.4916615
-1.2139969,0.015738327,0.33841667,304.635,0.00064673374,5.49172,-0.53771466,0.76050967,0.05425,841.78503,-0.0010791543,6.349964
-1.2272294,0.03926417,0.33491668,301.325,0.00066345616,5.4948683,-0.5017526,0.7724013,0.066083334,1034.11,-0.0009058648,6.577626
-1.2224914,0.03406967,0.33025,297.13,0.00067101186,5.4614124,-0.51638407,0.76559645,0.060916666,951.63,-0.0009782012,6.4740963
-1.2241807,0.02325386,0.33475,301.175,0.00065757806,5.496981,-0.5091433,0.770204,0.061833333,967.68,-0.0009623116,6.510881
-1.2200624,0.05063913,0.32725,294.465,0.00068611605,5.4641886,-0.49900305,0.77342373,0.06583333,1029.14,-0.0009130846,6.565579
-1.2011402,0.035679623,0.31166667,280.52,0.00071380066,5.4053903,-0.5003791,0.77264786,0.065916665,1030.125,-0.0009131765,6.5505424
-1.2317222,0.036505077,0.33275,299.505,0.0006671978,5.466552,-0.49006087,0.78140026,0.075666666,1190.005,-0.0007905814,6.692238
-1.2026657,0.024157984,0.32683334,294.24,0.0006741602,5.458446,-0.53507286,0.7588062,0.0585,907.395,-0.0010110657,6.425735
-1.2044617,0.04354034,0.31925,287.42,0.0006977609,5.430193,-0.5635767,0.7421028,0.049333334,766.74,-0.001175021,6.2606144
-1.2074399,0.052368946,0.31341666,282.01,0.0007172078,5.406358,-0.49662358,0.7749268,0.065916665,1035.72,-0.0009106299,6.55544
-1.2008098,0.036039904,0.31141666,280.195,0.00071497256,5.404141,-0.500172,0.77273476,0.06575,1028.175,-0.0009154963,6.5485916
-1.2167723,0.024224011,0.33016667,297.35,0.00066616014,5.465061,-0.53893685,0.7564847,0.05291667,823.10004,-0.0011092332,6.328964
-1.2171009,0.021766698,0.33108333,298.055,0.0006644413,5.466874,-0.5217897,0.7656714,0.059166666,923.005,-0.0009999858,6.4410625
-1.2091541,0.038501196,0.32008332,288.06,0.00069464726,5.432203,-0.5211093,0.76295143,0.059,922.16,-0.0010067425,6.442875
-1.2013522,0.035242196,0.31366667,282.275,0.0007079439,5.42906,-0.5080237,0.7683797,0.0635,993.57,-0.000941245,6.5325
-1.225132,0.047582414,0.33291668,299.465,0.00067147426,5.4660163,-0.5033215,0.7712841,0.06891666,1079.62,-0.00086682214,6.599296
-1.2216043,0.04485494,0.33091667,297.79,0.0006756288,5.4684772,-0.50558114,0.76909184,0.06566667,1028.585,-0.0009124628,6.5598736
-1.2259638,0.0478945,0.333,299.595,0.0006730878,5.4645476,-0.5011367,0.772391,0.07033333,1102.835,-0.00085127214,6.619998
-1.2077729,0.052457687,0.31425,282.745,0.00071541657,5.4090185,-0.49599138,0.7752246,0.066083334,1037.98,-0.0009092497,6.557314
-1.221434,0.05851307,0.32683334,294.45,0.0006896016,5.4474554,-0.4571853,0.79510885,0.072333336,1139.09,-0.00084685814,6.647616
-1.2153955,0.010352784,0.34141666,307.275,0.0006388694,5.5028386,-0.53644925,0.7627222,0.05525,858.18,-0.001050593,6.370583
-1.2155159,0.034196876,0.30691665,276.135,0.00072649046,5.3852973,-0.42809808,0.81200635,0.07508334,1190.0,-0.00082374865,6.6847386
-1.2172782,0.014343225,0.33633333,302.63,0.0006501473,5.4843903,-0.52884334,0.7628527,0.053916667,837.58496,-0.0010952593,6.3455143
-1.2011226,0.03619945,0.31175,280.485,0.0007132765,5.4153976,-0.5038757,0.7709009,0.064,1001.945,-0.00093835435,6.533428
-1.2181447,0.05398177,0.32583332,293.315,0.0006900416,5.4454255,-0.49678716,0.77445364,0.067,1048.83,-0.00089789374,6.5706973
-1.2250623,-0.0015577407,0.34066668,306.565,0.00063486246,5.497569,-0.5223003,0.76582104,0.059916668,935.615,-0.0009829162,6.4546943
-1.2142854,0.0136290165,0.33958334,305.67,0.0006433373,5.495359,-0.5373334,0.761053,0.054416668,846.38,-0.0010727588,6.3553824
-1.2173855,0.012407099,0.33775,304.04,0.00064636697,5.4891467,-0.52998555,0.76259726,0.054083332,839.705,-0.0010899119,6.3470044
-1.2198895,0.044633403,0.31383333,282.4,0.0007140792,5.406322,-0.42996073,0.8105495,0.07491667,1184.505,-0.0008242203,6.6824217
-1.2213413,0.059064217,0.32583332,293.55,0.00069136696,5.444334,-0.45628858,0.79552716,0.072,1132.795,-0.0008517348,6.642204
-1.214885,0.014014375,0.34,305.99,0.00064320164,5.498209,-0.5366341,0.76244175,0.054916665,853.02,-0.0010579595,6.3645635
-1.2009032,0.036760833,0.3115,280.275,0.0007139107,5.4148607,-0.5041049,0.77074516,0.064,1001.305,-0.0009389605,6.532699
-1.214605,0.047449704,0.31866667,286.565,0.0007047465,5.4223866,-0.45555207,0.79665434,0.07275,1146.25,-0.00084457366,6.652604
-1.217892,0.040840466,0.32508335,292.58,0.00068518345,5.4452014,-0.5172723,0.7648972,0.06025,938.89,-0.0009917681,6.46047
-1.2207663,0.04703182,0.32966667,296.7,0.0006793719,5.4643354,-0.5049089,0.76968557,0.06558333,1027.6951,-0.0009135492,6.558689
-1.2254406,0.03617954,0.33333334,299.82,0.0006664468,5.49142,-0.5068,0.770323,0.06458333,1008.32,-0.0009237009,6.5531955
-1.2120076,0.049826935,0.31608334,284.625,0.00071064074,5.4150167,-0.45301196,0.7970834,0.071499996,1126.225,-0.000859273,6.6359572
-1.224866,0.027153097,0.333,299.835,0.0006620916,5.4848747,-0.5123473,0.76872176,0.061,955.08,-0.00097392086,6.490068
-1.2146137,0.028071875,0.32783332,295.285,0.0006725256,5.4578223,-0.5425565,0.75442123,0.052500002,816.025,-0.0011172072,6.320648
-1.2261921,0.022956992,0.33466667,301.21,0.0006571217,5.4865046,-0.5144708,0.7683029,0.06125,957.735,-0.0009705059,6.4896398
-1.2260997,0.039650884,0.33425,300.83,0.00066680775,5.488673,-0.49776322,0.7741449,0.0665,1041.52,-0.00090179406,6.5796523
-1.2048639,0.022237955,0.32516667,292.675,0.00067693705,5.469399,-0.5229505,0.76394516,0.059833333,934.03,-0.00099238,6.4713035
-1.2025968,0.037780285,0.32975,296.8,0.0006737219,5.4648604,-0.55062795,0.75188726,0.050666668,787.11,-0.0011556004,6.283207
-1.2220418,0.0501182,0.33033332,297.205,0.00067895267,5.4583216,-0.5010944,0.77259594,0.06825,1069.06,-0.0008794522,6.588917
-1.2068038,0.027179228,0.32208332,289.85,0.00068560184,5.461124,-0.5200355,0.7640965,0.0595,924.845,-0.0010039419,6.4656715
-1.2219207,0.043060943,0.32891667,296.02,0.0006785965,5.478466,-0.5080736,0.76904565,0.0635,992.52,-0.00094021857,6.5370507
-1.2176516,0.012709548,0.33733332,303.635,0.0006472651,5.487724,-0.5291093,0.76272565,0.054,838.795,-0.0010934568,6.345834
-1.2223077,0.03586254,0.33058333,297.64,0.00067060726,5.462475,-0.5200771,0.763903,0.06125,954.3,-0.0009720712,6.477379
-1.2025925,0.02578479,0.32375,291.52,0.00068122067,5.46486,-0.52627057,0.7622629,0.059166666,923.92,-0.0010009337,6.460978
-1.2105031,0.028147254,0.33166668,298.52,0.0006654931,5.4701376,-0.5448224,0.75499046,0.0525,815.92,-0.0011150531,6.3200593
-1.213452,0.032168,0.32441667,291.95,0.0006823301,5.4455137,-0.54216415,0.7535818,0.054083332,838.2,-0.0010894928,6.3475575
-1.2212543,0.028035734,0.33083335,298.01,0.0006670462,5.4861865,-0.5124414,0.7695135,0.060833335,955.815,-0.00097368617,6.497742
-1.2310712,0.03866843,0.33108333,297.96,0.00067181996,5.4609838,-0.4829445,0.78476703,0.075666666,1190.51,-0.00079330517,6.692135
-1.220315,0.041570004,0.32808334,295.265,0.0006792043,5.4542713,-0.51686394,0.7654899,0.061666667,961.62,-0.00096641557,6.4840393
-1.2059937,0.033758033,0.31675,285.0,0.0007011812,5.4425797,-0.50583917,0.77020586,0.06316666,986.43,-0.00094883074,6.530887
-1.2221165,0.03732415,0.33025,297.15,0.0006723703,5.461219,-0.51959103,0.76416564,0.0615,958.915,-0.00096764544,6.481967
-1.2253865,0.036354486,0.33275,299.51,0.0006671634,5.4903865,-0.50852937,0.76925385,0.064166665,1003.185,-0.0009291928,6.547847
-1.2290621,0.04523186,0.32683334,294.26498,0.0006836891,5.4474564,-0.46251637,0.7947686,0.07575,1192.275,-0.0008018264,6.691681
-1.2230192,0.0036558663,0.33883333,304.925,0.00064120727,5.491416,-0.5245254,0.7651226,0.060333334,941.265,-0.00097552204,6.4605355
-1.2280887,0.044796705,0.33625,302.58,0.00066469057,5.4749427,-0.49930727,0.7730173,0.071166664,1110.69,-0.0008446209,6.6273313
-1.2149602,0.028667547,0.32758334,294.77,0.00067346747,5.4575486,-0.5460262,0.7523013,0.05225,812.44,-0.0011194948,6.317449
-1.2264453,0.04645431,0.33266667,299.23,0.00067186524,5.4744654,-0.50360346,0.77126837,0.0675,1058.015,-0.00088780106,6.5881057
-1.2132403,0.022342643,0.32883334,296.13,0.0006686677,5.47008,-0.5267511,0.76204485,0.059416667,924.835,-0.0009966395,6.4522862
-1.2274611,0.04580244,0.33575,302.12,0.00066619576,5.4734035,-0.4953909,0.7749949,0.07108333,1110.98,-0.000847114,6.627384
-1.2200195,0.05912385,0.32641667,293.805,0.0006911732,5.4443073,-0.48816645,0.7792933,0.06933333,1087.675,-0.00087171793,6.6041307
-1.2233258,0.054184806,0.32666665,293.955,0.00068916974,5.446805,-0.45720816,0.79608494,0.07375,1162.43,-0.00082967995,6.6673265
-1.2004054,0.0403576,0.30733332,276.675,0.0007251077,5.3903637,-0.49671084,0.77485937,0.06575,1031.155,-0.00091416674,6.5512214
-1.2185155,0.051233146,0.32691666,294.205,0.00068762485,5.455752,-0.50450075,0.77024025,0.06525,1023.35,-0.0009173962,6.554475
-1.2247821,0.051061008,0.31991667,287.9,0.00070279423,5.424756,-0.4449062,0.8033197,0.07525,1188.545,-0.00081367075,6.6873164
-1.2176918,0.056157183,0.32425,291.735,0.0006951794,5.438163,-0.49863952,0.77347225,0.06916667,1082.4349,-0.00086985773,6.601389
-1.2219268,0.056493368,0.32841668,295.485,0.000685887,5.450442,-0.48899025,0.7789753,0.06983333,1093.475,-0.0008659466,6.609729
-1.2015114,0.041319728,0.32408333,291.84,0.00068631605,5.4463444,-0.5522708,0.749236,0.05075,787.625,-0.0011547796,6.284901
-1.2272077,0.048838563,0.32366666,291.34,0.0006928241,5.4368577,-0.45098096,0.80036235,0.075666666,1192.835,-0.000807825,6.6915226
-1.2276456,0.038989928,0.33525,301.6,0.0006625841,5.495195,-0.50295794,0.7720251,0.06616667,1035.115,-0.00090467563,6.5783706
-1.2239002,-0.0010329516,0.34075,306.66,0.0006350188,5.4978447,-0.52926064,0.7625475,0.059416667,925.725,-0.0009895775,6.444252
-1.2254239,0.036800522,0.3325,299.12,0.0006678645,5.489425,-0.508956,0.7689885,0.064166665,1002.895,-0.0009286402,6.547645
-1.2243742,0.041686993,0.33266667,299.355,0.0006703087,5.4751205,-0.5076082,0.7683557,0.066416666,1036.695,-0.0009032587,6.56798
-1.220543,0.01568851,0.33225,299.085,0.00065837125,5.4709907,-0.5313511,0.7598565,0.056666665,879.69,-0.0010431813,6.3944187
